email_id,role_index,last_updated_at,last_updated_by,reporter_email_id
Bijitha_K_v@Dellteam.com,0,2019-08-19 09:21:05.376+0000,SYSTEM,Lahari_Boorla@Dellteam.com
Bijitha_K_v@Dellteam.com,1,2019-08-19 09:21:05.376+0000,SYSTEM,Lahari_Boorla@Dellteam.com
Bijitha_K_v@Dellteam.com,2,2019-08-19 09:21:05.376+0000,SYSTEM,Lahari_Boorla@Dellteam.com
Bijitha_K_v@Dellteam.com,3,2019-08-19 09:21:05.376+0000,SYSTEM,Lahari_Boorla@Dellteam.com
Bijitha_K_v@Dellteam.com,4,2019-08-19 09:21:05.376+0000,SYSTEM,Lahari_Boorla@Dellteam.com